{
    "ThreedFront": {
        "8d47cb7b-eff9-46e1-924c-2e33eed6f20c": [
            {
                "path": "/home/ubuntu/workspace/datasets/3D-FUTURE/3D-FUTURE-model/8d47cb7b-eff9-46e1-924c-2e33eed6f20c/raw_model.obj",
                "scale": [
                    1,
                    1,
                    1
                ],
                "size": [
                    0.280277,
                    0.538342,
                    0.3106729999999999
                ],
                "label": "dining_chair",
                "query_label": "dining_chair",
                "query_size": [
                    0.14023609459400177,
                    0.26899096369743347,
                    0.16314883530139923
                ],
                "theta": 3.140397787094116,
                "position": [
                    -0.855741560459137,
                    -0.00012743473052978516,
                    -1.2798230648040771
                ],
                "centroid": [
                    0.0,
                    0.538375973701477,
                    -0.000541001558303833
                ]
            },
            {
                "path": "/home/ubuntu/workspace/datasets/3D-FUTURE/3D-FUTURE-model/8d47cb7b-eff9-46e1-924c-2e33eed6f20c/raw_model.obj",
                "scale": [
                    1,
                    1,
                    1
                ],
                "size": [
                    0.280277,
                    0.538342,
                    0.3106729999999999
                ],
                "label": "dining_chair",
                "query_label": "dining_chair",
                "query_size": [
                    0.14058610796928406,
                    0.26904118061065674,
                    0.16336533427238464
                ],
                "theta": -0.001229762565344572,
                "position": [
                    -0.859300971031189,
                    -0.001140296459197998,
                    -2.649003028869629
                ],
                "centroid": [
                    0.0,
                    0.538375973701477,
                    -0.000541001558303833
                ]
            },
            {
                "path": "/home/ubuntu/workspace/datasets/3D-FUTURE/3D-FUTURE-model/8d47cb7b-eff9-46e1-924c-2e33eed6f20c/raw_model.obj",
                "scale": [
                    1,
                    1,
                    1
                ],
                "size": [
                    0.280277,
                    0.538342,
                    0.3106729999999999
                ],
                "label": "dining_chair",
                "query_label": "dining_chair",
                "query_size": [
                    0.13998951017856598,
                    0.2691197395324707,
                    0.16339972615242004
                ],
                "theta": -0.0014588403282687068,
                "position": [
                    -0.03232373669743538,
                    -0.0015523433685302734,
                    -2.642153739929199
                ],
                "centroid": [
                    0.0,
                    0.538375973701477,
                    -0.000541001558303833
                ]
            },
            {
                "path": "/home/ubuntu/workspace/datasets/3D-FUTURE/3D-FUTURE-model/8d47cb7b-eff9-46e1-924c-2e33eed6f20c/raw_model.obj",
                "scale": [
                    1,
                    1,
                    1
                ],
                "size": [
                    0.280277,
                    0.538342,
                    0.3106729999999999
                ],
                "label": "dining_chair",
                "query_label": "dining_chair",
                "query_size": [
                    0.1400025486946106,
                    0.2689369022846222,
                    0.16335958242416382
                ],
                "theta": 3.140951633453369,
                "position": [
                    -0.014041909947991371,
                    -0.00027430057525634766,
                    -1.3114124536514282
                ],
                "centroid": [
                    0.0,
                    0.538375973701477,
                    -0.000541001558303833
                ]
            }
        ],
        "15870cc2-11b0-4b82-bcc9-27f6f6818dba": [
            {
                "path": "/home/ubuntu/workspace/datasets/3D-FUTURE/3D-FUTURE-model/15870cc2-11b0-4b82-bcc9-27f6f6818dba/raw_model.obj",
                "scale": [
                    1,
                    1,
                    1
                ],
                "size": [
                    0.839398,
                    0.31729,
                    0.190001
                ],
                "label": "tv_stand",
                "query_label": "tv_stand",
                "query_size": [
                    0.418988972902298,
                    0.1581844985485077,
                    0.09881456196308136
                ],
                "theta": 1.5701782703399658,
                "position": [
                    -1.5802850723266602,
                    -0.0015391409397125244,
                    1.428317666053772
                ],
                "centroid": [
                    0.0,
                    0.3172900080680847,
                    0.0
                ]
            }
        ],
        "fc93abbf-984c-432a-abb7-7f1ce951955f": [
            {
                "path": "/home/ubuntu/workspace/datasets/3D-FUTURE/3D-FUTURE-model/fc93abbf-984c-432a-abb7-7f1ce951955f/raw_model.obj",
                "scale": [
                    1,
                    1,
                    1
                ],
                "size": [
                    1.25,
                    0.37614650000000466,
                    0.55
                ],
                "label": "dining_table",
                "query_label": "dining_table",
                "query_size": [
                    0.26344171166419983,
                    0.19504207372665405,
                    0.27845948934555054
                ],
                "theta": -0.0018360004760324955,
                "position": [
                    -0.45232558250427246,
                    0.013840168714523315,
                    -1.9585931301116943
                ],
                "centroid": [
                    0.0,
                    0.37614649534225464,
                    0.0
                ]
            }
        ],
        "bdbebf89-4395-434f-a409-da0219e71164": [
            {
                "path": "/home/ubuntu/workspace/datasets/3D-FUTURE/3D-FUTURE-model/bdbebf89-4395-434f-a409-da0219e71164/raw_model.obj",
                "scale": [
                    1,
                    1,
                    1
                ],
                "size": [
                    1.1166149999999997,
                    0.42344300292782994,
                    0.47858
                ],
                "label": "loveseat_sofa",
                "query_label": "loveseat_sofa",
                "query_size": [
                    0.5576322078704834,
                    0.2117817997932434,
                    0.2537240982055664
                ],
                "theta": -1.5712662935256958,
                "position": [
                    1.249575138092041,
                    -0.0005619823932647705,
                    0.8261138200759888
                ],
                "centroid": [
                    0.0006650090217590332,
                    0.4234429895877838,
                    0.0005429983139038086
                ]
            }
        ],
        "38a4a1b4-4f01-4a58-8ef8-7887ad680420": [
            {
                "path": "/home/ubuntu/workspace/datasets/3D-FUTURE/3D-FUTURE-model/38a4a1b4-4f01-4a58-8ef8-7887ad680420/raw_model.obj",
                "scale": [
                    1,
                    1,
                    1
                ],